,lemma,form,tags,family,language
0,i¹-hni²,nkw-i¹-hni²,V;PFV,4,5
1,u¹-hlya²,nka¹-hlya²,V;PFV,4,5
2,u-s-u¹kwa²,nt-u-s-u¹kwa²,V;HAB,4,5
3,i-lyakwa¹,nte-lyakwa¹,V;PROG,4,5
4,u¹-xę²,nte¹-xę²,V;PROG,4,5
5,tehę¹,tyehę¹,V;POT,4,5
6,itzu,nt-itzu,V;HAB,4,5
7,u¹-t-i²sę,t-i²sę,V;POT,4,5
8,u-te¹hę²,nka-te¹hę²,V;PFV,4,5
9,u¹-tu²kwi,nte¹-tu²kwi,V;PROG,4,5
10,u-tu¹kwa²,k-u-tu¹kwa²,V;POT,4,5
11,la²ti¹,nti-lati,V;HAB,4,5
12,u-s-ene¹,nte-s-ene¹,V;PROG,4,5
13,i-sukwa¹,nkw-i-sukwa¹,V;PFV,4,5
14,ku²ti,nti¹-ku²ti,V;HAB,4,5
15,la²kwi,nku-la²kwi,V;PFV,4,5
16,u-kalaʔ,k-u-kalaʔ,V;POT,4,5
17,u-nakǫʔ,nka-nakǫʔ,V;PFV,4,5
18,aą,y-aą,V;PFV,4,5
19,i-k-isu,nte-kisu,V;PROG,4,5
20,i-lyaa,nkw-i-lyaa,V;PFV,4,5
21,i¹-s-a²ta,nte¹-s-a²ta,V;PROG,4,5
22,y-a¹kǫ²ʔ,ch-akǫ¹ʔ,V;POT,4,5
23,u-nakǫʔ,nte-nakǫʔ,V;PROG,4,5
24,u-ke¹la²,nt-u-ke¹la²,V;HAB,4,5
25,ku²ti,nte¹-kuti²,V;PROG,4,5
26,kaʔa,nku-kaʔa,V;PFV,4,5
27,i-s-uweʔ,nte-s-uweʔ,V;PROG,4,5
28,u-ta¹ʔą²,nt-u-ta¹ʔą²,V;HAB,4,5
29,tuuʔ,nte-tuuʔ,V;PROG,4,5
30,tyehna¹,nte-tyehna¹,V;PROG,4,5
31,yaa,nk-yaa,V;PFV,4,5
32,yaa¹ʔ,n-chaa¹ʔ,V;HAB,4,5
33,a¹lu²,nch-alu¹,V;PROG,4,5
34,u-ti¹te²,nt-u-ti¹te²,V;HAB,4,5
35,witi,nte-witi,V;PROG,4,5
36,ni¹i²,nte-ni¹i²,V;PROG,4,5
37,atzaʔ,nku-tzaʔ,V;PFV,4,5
38,u-hawi,nka¹-hawi,V;PFV,4,5
39,u-tyele,nte-tye²le¹,V;PROG,4,5
40,ohoʔ,y-ohoʔ,V;PFV,4,5
41,y-u²kwa¹,nte-y-u²kwa¹,V;PROG,4,5
42,lakwi,ki-lakwi,V;POT,4,5
43,a¹su²ʔ,k-a¹su²ʔ,V;POT,4,5
44,taa,nte-taa,V;PROG,4,5
45,a¹kwi²,kwi²,V;PFV,4,5
46,wini,nku-wini,V;PFV,4,5
47,aa,tala nch-aa,V;HAB,4,5
48,u¹-na²na,na²na,V;POT,4,5
49,u-lukwa¹,nka-lukwa¹,V;PFV,4,5
50,y-uʔu,ch-uʔu,V;POT,4,5
51,la²ʔwa,ki¹-la²ʔwa,V;POT,4,5
52,te²e¹ʔ,tyeeʔ,V;POT,4,5
53,naʔa,nyaʔa,V;POT,4,5
54,u-lakwa¹,nt-u-lakwa¹,V;HAB,4,5
55,i-lyakwa¹,k-i-lyakwa¹,V;POT,4,5
56,u-la²a¹,k-u-laa,V;POT,4,5
57,i-tyaʔą,k-i-tyaʔą,V;POT,4,5
58,u-xu¹ʔu²,k-u-xu¹ʔu²,V;POT,4,5
59,ahi,k-aha,V;POT,4,5
60,u-t-alaʔ,nka-t-alaʔ,V;PFV,4,5
61,u-loʔo,k-u-loʔo,V;POT,4,5
62,la²ti¹,nte-la²ti¹,V;PROG,4,5
63,tikąʔ,nti-tikąʔ,V;HAB,4,5
64,na¹ʔa²,nti-na¹ʔa²,V;HAB,4,5
65,y-alaʔ,ch-alaʔ,V;POT,4,5
66,ta¹a²ʔ,tyaa¹ʔ,V;POT,4,5
67,u-tikąʔ,nt-u-tikąʔ,V;HAB,4,5
68,u-la²a¹,nka-la²a¹,V;PFV,4,5
69,u-tzaʔ,y-u-tzaʔ,V;PFV,4,5
70,una,y-una,V;PFV,4,5
71,tu²we,nku-tu²we,V;PFV,4,5
72,i-sukwa¹,nt-i-sukwa¹,V;PROG,4,5
73,ki¹tzę²,nte-ki¹tzę²,V;PROG,4,5
74,achi¹,nku-chi¹,V;PFV,4,5
75,u-kiʔi,nka-kiʔi,V;PFV,4,5
76,sa¹ą²,nti-sa¹ą²,V;HAB,4,5
77,u¹-ke²ʔ,nt-u-ke¹ʔ,V;HAB,4,5
78,suuʔ,nti-suuʔ,V;HAB,4,5
79,y-atiʔ,n-ch-atiʔ,V;HAB,4,5
80,u-s-atą,nt-u-s-atą,V;HAB,4,5
81,u-tzaʔ,k-u-tzaʔ,V;POT,4,5
82,u-te¹hę²,k-u-tehę¹,V;POT,4,5
83,ta²kwi,n-tya²kwi,V;HAB,4,5
84,yakwęʔ,nk-yakwęʔ,V;PFV,4,5
85,u¹-xę²,nka¹-xę²,V;PFV,4,5
86,lye¹ʔe²,ki¹-lye¹ʔe²,V;POT,4,5
87,a¹ta²ʔ,nti¹-ta²ʔ,V;HAB,4,5
88,akwę¹,y-akwę¹,V;PFV,4,5
89,alaʔ,nch-alaʔ,V;PROG,4,5
90,tyu²kwa,nte¹-tyu²kwa,V;PROG,4,5
91,tikwę,nti-tikwę,V;HAB,4,5
92,u¹-s-a²ta,nte¹-s-a²ta,V;PROG,4,5
93,aʔna¹,k-aʔna,V;POT,4,5
94,yaʔne,nk-yaʔne,V;PFV,4,5
95,y-a¹kwę²,nte-y-a¹kwę²,V;PROG,4,5
96,i-s-atiʔ,k-i-s-atiʔ,V;POT,4,5
97,u¹-x-i²ti,x-i²ti,V;POT,4,5
98,ti¹te²,nku-ti¹te²,V;PFV,4,5
99,i-s-uwi¹ʔ,nkw-i-s-uwi¹ʔ,V;PFV,4,5
100,ta²kwi,nku-ta²kwi,V;PFV,4,5
101,u-s-u¹kwa²,nka-s-u¹kwa²,V;PFV,4,5
102,u-wi²i¹,nka-wi²i¹,V;PFV,4,5
103,u-ti¹te²,k-u-ti¹te²,V;POT,4,5
104,u-s-a¹a²ʔ,nte-s-a¹a²ʔ,V;PROG,4,5
105,u-su,nte-su,V;PROG,4,5
106,tita,nku-tita¹,V;PFV,4,5
107,u-totza,nte¹-totza,V;PROG,4,5
108,tiyaa,nku-tiyaa,V;PFV,4,5
109,u-te²e¹ʔ,k-u-teeʔ,V;POT,4,5
110,y-a¹la²,n-ch-ala¹,V;HAB,4,5
111,i²chą,nt-i²chą,V;HAB,4,5
112,yatę¹,n-chatę¹,V;HAB,4,5
113,u¹-sti²,nte¹-sti²,V;PROG,4,5
114,y-a¹lu²,nk-y-a¹lu²,V;PFV,4,5
115,u-lo¹o²,nt-u-lo¹o²,V;HAB,4,5
116,ni¹i²,nti-ni¹i²,V;HAB,4,5
117,ii,nch-a¹=ti²ʔ,V;PROG,4,5
118,i-s-ene¹,nt-i-s-ene¹,V;HAB,4,5
119,atzaʔ,k-atzaʔ,V;POT,4,5
120,ahi,nte-yaha,V;PROG,4,5
121,yatę¹,nk-yatę¹,V;PFV,4,5
122,ya¹a²,nte-cha¹a²,V;PROG,4,5
123,ta²su¹,nku-ta²su¹,V;PFV,4,5
124,u-wana¹,nka-wana¹,V;PFV,4,5
125,suuʔ,nte-suuʔ,V;PROG,4,5
126,u-la¹ha²,nka-la¹ha²,V;PFV,4,5
127,a¹tzu²ʔ,tzu²ʔ,V;PFV,4,5
128,ohoʔ,nch-ohoʔ,V;PROG,4,5
129,u¹-li¹hi²,nt-u¹-li¹hi²,V;HAB,4,5
130,hya¹,nka-hya¹,V;PFV,4,5
131,i-sukwa¹,ta la nt-i-sukwa¹,V;HAB,4,5
132,yatę,k-yatę,V;POT,4,5
133,li²ya¹,ki-liya,V;POT,4,5
134,tya²na,n-tya²na,V;HAB,4,5
135,ni¹i²,ki-ni¹i²,V;POT,4,5
136,u²ti¹,nt-uti,V;HAB,4,5
137,tehę¹,nte-tehę¹,V;PROG,4,5
138,y-a¹lu²,n-ch-a¹lu²,V;HAB,4,5
139,y-ane¹,nte-y-ane¹,V;PROG,4,5
140,u-ti¹kų²,nte-ti¹kų²,V;PROG,4,5
141,i-ch-uhwi¹ʔ,nt-i-ch-uhwi¹ʔ,V;HAB,4,5
142,akwiʔ,nti-kwiʔ,V;HAB,4,5
143,tu¹kwa²,tyu¹kwa²,V;POT,4,5
144,y-alaʔ,nk-y-alaʔ,V;PFV,4,5
145,ala¹,k-a¹la²,V;POT,4,5
146,i²kwą¹,nte-k-ikwą,V;PROG,4,5
147,a¹tę²,ntey-atę¹,V;PROG,4,5
148,la²a¹,ki-laa,V;POT,4,5
149,y-ukwą,nte-yu²kwą¹,V;PROG,4,5
150,y-uteʔ,nte-y-uteʔ,V;PROG,4,5
151,yatę,nk-yatę,V;PFV,4,5
152,y-uʔu,n-ch-uʔu,V;HAB,4,5
153,y-ane¹,n-ch-ane¹,V;HAB,4,5
154,tyehna¹,nku-tyehna¹,V;PFV,4,5
155,yakwa,nk-yakwa,V;PFV,4,5
156,lakwi,nku-lakwi,V;PFV,4,5
157,u-luʔu¹,k-u-luʔu¹,V;POT,4,5
158,y-aha¹,nk-y-aha¹,V;PFV,4,5
159,u-ne¹ʔe²,nt-u-ne¹ʔe²,V;HAB,4,5
160,kili,nte-kili,V;PROG,4,5
161,u¹-li²nto,nka¹-li²nto,V;PFV,4,5
162,y-a²la,ch–a²la,V;POT,4,5
163,hnya²,nku-hnya²,V;PFV,4,5
164,la²ʔwa,nti¹-la²ʔwa,V;HAB,4,5
165,sa¹ą²,ki-sa¹ą²,V;POT,4,5
166,tu¹kwa²,nku-tu¹kwa²,V;PFV,4,5
167,anaʔ,k-anaʔ,V;POT,4,5
168,una,nch-una,V;PROG,4,5
169,ahi¹,nku-hwi¹,V;PFV,4,5
170,u-la¹ʔa²,k-u-laʔa¹,V;POT,4,5
171,u-lukwa¹,nt-u-lukwa¹,V;HAB,4,5
172,ki¹tę²ʔ,nku-ki¹tę²ʔ,V;PFV,4,5
173,xiką,nte-xiką,V;PROG,4,5
174,tu²we,tyu²we,V;POT,4,5
175,u¹-so²ʔ,nt-u-so¹ʔ,V;HAB,4,5
176,i-sukwa¹,k-i-sukwa¹,V;POT,4,5
177,u-s-u²kwa¹ʔ,nka-s-u²kwa¹ʔ,V;PFV,4,5
178,tu²ʔya,nte¹-tu²ʔya,V;PROG,4,5
179,alaʔ,y-alaʔ,V;PFV,4,5
180,y-a¹la²,nk-y-a¹la²,V;PFV,4,5
181,sǫ²,nte¹-sǫ²,V;PROG,4,5
182,eta,nte-k-eta,V;PROG,4,5
183,lu¹kwa²,nku-lu¹kwa²,V;PFV,4,5
184,ki¹tzę²,nti-ki¹tzę²,V;HAB,4,5
185,y-a²na¹,nk-ya²na¹,V;PFV,4,5
186,u¹-li¹hi²,li¹hi²,V;POT,4,5
187,ya¹ʔne²,n-cha¹ʔne²,V;HAB,4,5
188,atzu,nch-atzu,V;PROG,4,5
189,u¹ʔya²,nt-uʔya¹,V;HAB,4,5
190,ku²ti,ki¹-ku²ti,V;POT,4,5
191,i-hnya¹,nkw-i-hnya¹,V;PFV,4,5
192,u-li¹ti²ʔ,nte-li¹ti²ʔ,V;PROG,4,5
193,u-t-a¹kǫ²ʔ,nt-u-t-akǫ¹ʔ,V;HAB,4,5
194,tihi,nku-tihi,V;PFV,4,5
195,i²chaa¹,nte-k-ichaa,V;PROG,4,5
196,u-nakǫʔ,nt-u-nakǫʔ,V;HAB,4,5
197,i-ch-uhwi¹ʔ,k-i-ch-uhwi¹ʔ,V;POT,4,5
198,t-a²kę¹,nku-t-a²kę¹,V;PFV,4,5
199,y-a¹kǫ²ʔ,nte-y-a¹kǫ²ʔ,V;PROG,4,5
200,isę,k-isę,V;POT,4,5
201,hlya¹,nte-hlya¹,V;PROG,4,5
202,u¹-so²ʔ,k-u-so¹ʔ,V;POT,4,5
203,i²chaa¹,nt-ichaa,V;HAB,4,5
204,u-hnya¹ʔ,nt-u-hnyaʔ,V;HAB,4,5
205,nyaxęʔ,nku-nyaxęʔ,V;PFV,4,5
206,sa¹ą²,nte-sa¹ą²,V;PROG,4,5
207,una,k-una,V;POT,4,5
208,atzaʔ,nch-atzaʔ,V;PROG,4,5
209,ti²kwi¹,nku-ti²kwi¹,V;PFV,4,5
210,i-chata,nte-chata,V;PROG,4,5
211,y-a²ku,n-ch-a²ku,V;HAB,4,5
212,i²su¹,nt-isu,V;HAB,4,5
213,se²su,nti¹-se²su,V;HAB,4,5
214,y-atzu,nte-ch-atzu,V;PROG,4,5
215,i-katzǫ¹,nte-katzǫ¹,V;PROG,4,5
216,tehę¹,nka-tehę¹,V;PFV,4,5
217,u-loʔo,nka-loʔo,V;PFV,4,5
218,u¹-hlya²,nt-u-hlya¹,V;HAB,4,5
219,u-t-a¹kǫ²ʔ,k-u-t-akǫ¹ʔ,V;POT,4,5
220,tzoʔo,nti-tzoʔo,V;HAB,4,5
221,ya²ʔą¹,nk-ya²ʔą¹,V;PFV,4,5
222,u-xi¹-ką²ʔ,k-u-xi-ką¹ʔ,V;POT,4,5
223,tiyaa,n-tiyaa,V;HAB,4,5
224,se²su,nkwi¹-se²su,V;PFV,4,5
225,u-s-u²kwa¹ʔ,k-u-s-ukwaʔ,V;POT,4,5
226,y-akę¹,n-ch-akę¹,V;HAB,4,5
227,u-nuʔu,nka-nuʔu,V;PFV,4,5
228,u-su,nt-u-su,V;HAB,4,5
229,u-t-a¹kę²,k-u-t-akę¹,V;POT,4,5
230,u-l-a²su¹,nt-u-l-asu,V;HAB,4,5
231,u-wi²i¹,nt-u-wii,V;HAB,4,5
232,anaʔ,nch-anaʔ,V;PROG,4,5
233,u-tu¹kwa²,nt-u-tu¹kwa²,V;HAB,4,5
234,u-hawi,nt-u-hawi,V;HAB,4,5
235,tita,nti-tita,V;HAB,4,5
236,kachi¹,nte-kachi¹,V;PROG,4,5
237,u-liʔi,nte-liʔi,V;PROG,4,5
238,lakwa¹,ki-lakwa¹,V;POT,4,5
239,u-kalaʔ,nka-kalaʔ,V;PFV,4,5
240,y-uwi,nk-y-uwi,V;PFV,4,5
241,i-ch-ukwą¹,nt-i-ch-ukwą¹,V;HAB,4,5
242,u-tihi,nte-tihi,V;PROG,4,5
243,ya²ʔą,ch–a²ʔą,V;POT,4,5
244,ta²tza,tya²tza,V;POT,4,5
245,uʔwe,nt-uʔwe,V;HAB,4,5
246,u-kalaʔ,nt-u-kalaʔ,V;HAB,4,5
247,i-k-ikwą,nt-i-k-ikwą,V;HAB,4,5
248,u-ko¹ʔo²,k-u-ko¹ʔo²,V;POT,4,5
249,a¹ką²ʔ,nch-a¹ką²ʔ,V;PROG,4,5
250,ii,nt-ii,V;HAB,4,5
251,y-uweʔ,n-ch-uweʔ,V;HAB,4,5
252,ala,nch-ala,V;PROG,4,5
253,suuʔ,ki-suuʔ,V;POT,4,5
254,y-alaʔ,nte-y-alaʔ,V;PROG,4,5
255,i-s-uweʔ,k-i-s-uweʔ,V;POT,4,5
256,u-hwi,nch-u-hwi,V;PROG,4,5
257,atzaʔ,nti-tzaʔ,V;HAB,4,5
258,aku,nch-aku,V;PROG,4,5
259,y-uʔu,nte-y-uʔu,V;PROG,4,5
260,y-ane¹,nk-y-ane¹,V;PFV,4,5
261,aku,y-aku,V;PFV,4,5
262,u¹-x-i²ti,nte¹-x-i²ti,V;PROG,4,5
263,u-sa¹ʔą²,nte-sa¹ʔą,V;PROG,4,5
264,u-ka¹ti²,k-u-kati¹,V;POT,4,5
265,u-s-atiʔ,nka-s-atiʔ,V;PFV,4,5
266,ki¹tę²ʔ,ki-kitę¹ʔ,V;POT,4,5
267,u-wana¹,nte-wana¹,V;PROG,4,5
268,hiʔį¹,ki-hiʔį¹,V;POT,4,5
269,y-uweʔ,nte-y-uweʔ,V;PROG,4,5
270,se²su,ki¹-se²su,V;POT,4,5
271,tu²ʔu,n-tyu²ʔu,V;HAB,4,5
272,li²nto¹,nte-li²nto¹,V;PROG,4,5
273,y-uwi,ch-uwi,V;POT,4,5
274,taʔą,tyaʔą,V;POT,4,5
275,sana¹,nte-sana¹,V;PROG,4,5
276,yala,nk-yala,V;PFV,4,5
277,la²a¹,nti-laa,V;HAB,4,5
278,nee,ki-nii,V;POT,4,5
279,yala,n-chala,V;HAB,4,5
280,i-hnya¹,nte-k-i-hnya¹,V;PROG,4,5
281,lye¹ʔe²,nte¹-lye¹ʔe²,V;PROG,4,5
282,u-kalaʔ,nte-kalaʔ,V;PROG,4,5
283,tu²ʔu,nte¹-tu²ʔu,V;PROG,4,5
284,u-katzǫ¹,nte-katzǫ¹,V;PROG,4,5
285,ta¹ką²ʔ,tya¹ką²ʔ,V;POT,4,5
286,yatę¹,ch–atę¹,V;POT,4,5
287,ta²kwi,tya²kwi,V;POT,4,5
288,u¹-s-a²ta,nka¹-s-a²ta,V;PFV,4,5
289,u-wana¹,nt-u-wana¹,V;HAB,4,5
290,ukwęʔ,y-ukwęʔ,V;PFV,4,5
291,yakwa¹,ch–akwa¹,V;POT,4,5
292,kaʔa,nte-kaʔa,V;PROG,4,5
293,u-katę¹,nka-katę¹,V;PFV,4,5
294,y-uteʔ,nk-y-uteʔ,V;PFV,4,5
295,katzǫ¹,nti-katzǫ¹,V;HAB,4,5
296,u-ta¹ʔą²,k-u-ta¹ʔą²,V;POT,4,5
297,tuuʔ,tyuuʔ,V;POT,4,5
298,aka,k-aka,V;POT,4,5
299,u¹-hna²ʔ,nka¹-hna²ʔ,V;PFV,4,5
300,u-t-u¹ʔu²,nka-t-u¹ʔu²,V;PFV,4,5
301,tuuʔ,n-tyuuʔ,V;HAB,4,5
302,ene,k-ene,V;POT,4,5
303,u-t-a¹kę²,nka-t-a¹kę²,V;PFV,4,5
304,xę,ki-xę,V;POT,4,5
305,i-ch-uhwi¹ʔ,nkw-i-chuhwi¹ʔ,V;PFV,4,5
306,teʔę,tyeʔę,V;POT,4,5
307,y-atą,nte-y-atą,V;PROG,4,5
308,ke¹la²,nku-ke¹la²,V;PFV,4,5
309,atzu,nti-tzu,V;HAB,4,5
310,la²ti¹,nku-la²ti¹,V;PFV,4,5
311,tikwę,nku-tikwę,V;PFV,4,5
312,taa,nkwi-tyaa,V;PFV,4,5
313,u¹-ba²ʔa¹,nka¹-ba²ʔa¹,V;PFV,4,5
314,y-uwi,n-ch-uwi,V;HAB,4,5
315,ʔni,nti-ʔni,V;HAB,4,5
316,i¹ʔya²,nkw-i¹ʔya²,V;PFV,4,5
317,i-hnya¹,k-i-hnya¹,V;POT,4,5
318,i¹-s-a²ta,nkw-i¹-s-a²ta,V;PFV,4,5
319,i-ty-ala¹,nte-ty-ala¹,V;PROG,4,5
320,i²kwą¹,nkw-i²kwą¹,V;PFV,4,5
321,ke²la¹,nte-ke²la¹,V;PROG,4,5
322,a¹su²ʔ,su²ʔ,V;PFV,4,5
323,a¹ta²ʔ,k-a¹ta²ʔ,V;POT,4,5
324,u¹-tu²we,tu²we,V;POT,4,5
325,nikwę,nkwi-nikwę,V;PFV,4,5
326,y-a¹kǫ²ʔ,n-ch-akǫ¹ʔ,V;HAB,4,5
327,ke¹la²,nte-ke¹la²,V;PROG,4,5
328,yakwa¹,n-chakwa¹,V;HAB,4,5
329,hna²,nti-hna¹,V;HAB,4,5
330,y-a²ha¹,n-ch-aha,V;HAB,4,5
331,i-tya¹a²,nt-i-tya¹a²,V;HAB,4,5
332,lya¹,nkwi-lya¹,V;PFV,4,5
333,ki¹į²,nte-ki¹į²,V;PROG,4,5
334,t-uʔu,nku-t-uʔu,V;PFV,4,5
335,i-lyuʔu¹,nt-i-lyuʔu¹,V;HAB,4,5
336,u-wi²i¹,k-u-wii,V;POT,4,5
337,u-s-a¹a²ʔ,nka-s-a¹a²ʔ,V;PFV,4,5
338,y-u¹kų²ʔ,nte-ch-u¹kų²ʔ,V;PROG,4,5
339,u-nuʔu,nt-u-nuʔu,V;HAB,4,5
340,laʔa,nku-laʔa,V;PFV,4,5
341,i-tyotza,nte-tyotza,V;PROG,4,5
342,u-tikwę,nkwi-tikwę,V;PFV,4,5
343,yuʔu¹,n-chuʔu¹,V;HAB,4,5
344,oʔǫ¹,nte-y-oʔǫ¹,V;PROG,4,5
345,tiyaa,tiyaa,V;POT,4,5
346,u-tita¹,nte-tita¹,V;PROG,4,5
347,u-la²tza¹,k-u-latza,V;POT,4,5
348,u¹-chi²kwę,chi²kwę,V;POT,4,5
349,yaa¹ʔ,nk-ya¹a²ʔ,V;PFV,4,5
350,akwaʔ,nch-akwaʔ,V;PROG,4,5
351,i-tyusu¹ʔ,nte-tyusu¹ʔ,V;PROG,4,5
352,yee,nti-yee,V;HAB,4,5
353,u-xiką,nt-u-xiką,V;HAB,4,5
354,u-t-a²ha¹,nte-t-a²ha¹,V;PROG,4,5
355,y-a¹kwę²,nk-y-a¹kwę²,V;PFV,4,5
356,ku¹na²ʔ,nti-ku¹na²ʔ,V;HAB,4,5
357,i¹-ty-e²ʔe,nte¹-ty-e²ʔe,V;PROG,4,5
358,u-ki¹tę²ʔ,nt-u-kitę¹ʔ,V;HAB,4,5
359,lakwa¹,nku-lakwa¹,V;PFV,4,5
360,u-te²e¹ʔ,nt-u-teeʔ,V;HAB,4,5
361,a¹kwi²,nch-akwi¹,V;PROG,4,5
362,laʔa,nti-laʔa,V;HAB,4,5
363,nyą¹ʔ,nkwi¹-nyą²ʔ,V;PFV,4,5
364,atzu,nku-tzu,V;PFV,4,5
365,u-hawi,k-u-hawi,V;POT,4,5
366,u¹-x-i²ti,nka¹-x-i²ti,V;PFV,4,5
367,y-aką¹ʔ,nk-y-a¹ką²ʔ,V;PFV,4,5
368,tyu¹kwa²,nte-tyu¹kwa²,V;PROG,4,5
369,u-hnya¹ʔ,k-u-hnya¹ʔ,V;POT,4,5
370,lyaʔa¹,nte-lyaʔa¹,V;PROG,4,5
371,u-tzu,nt-u-tzu,V;HAB,4,5
372,yata,nte-chata,V;PROG,4,5
373,naʔa,ta la nyaʔa,V;HAB,4,5
374,hnya²,ki¹-hnya²,V;POT,4,5
375,te²e¹ʔ,nte-te²e¹ʔ,V;PROG,4,5
376,y-atą,n-ch-atą,V;HAB,4,5
377,i-ly-a²su,nkw-i¹-ly-a²su¹,V;PFV,4,5
378,sukwa¹,sukwa¹,V;POT,4,5
379,u-kili,nt-u-kili,V;HAB,4,5
380,u-s-atiʔ,k-u-s-atiʔ,V;POT,4,5
381,kiʔi,nte-kiʔi,V;PROG,4,5
382,ti¹kų²,nku-ti¹kų²,V;PFV,4,5
383,saʔą,saʔą,V;POT,4,5
384,ʔni,nte-ʔni,V;PROG,4,5
385,y-aha¹,nte-ch-aha¹,V;PROG,4,5
386,nakwą¹,nti-nakwą¹,V;HAB,4,5
387,i¹-hni²,nte¹-hni²,V;PROG,4,5
388,ahi¹,ntey-aha¹,V;PROG,4,5
389,u-tzaʔ,nch-u-tzaʔ,V;PROG,4,5
390,sǫ²,ki¹-sǫ²,V;POT,4,5
391,u-ki¹į²,nka-ki¹į²,V;PFV,4,5
392,ke²la¹,nku-ke²la¹,V;PFV,4,5
393,u-te¹tza²,nt-u-te¹tza²,V;HAB,4,5
394,tz-u¹kų²ʔ,nti-tz-u¹kų²ʔ,V;HAB,4,5
395,yatę,nt-yatę,V;PROG,4,5
396,u-totza,nka¹-totza,V;PFV,4,5
397,yuʔu¹,nte-chuʔu¹,V;PROG,4,5
398,su²lu,ki¹-su²lu,V;POT,4,5
399,su²lu,nti¹-su²lu,V;HAB,4,5
400,takąʔ,nte-takąʔ,V;PROG,4,5
401,i²kwa¹,nkw-i²kwa¹,V;PFV,4,5
402,xu¹ʔu²,nti-xu¹ʔu²,V;HAB,4,5
403,ukwą¹,y-ukwą¹,V;PFV,4,5
404,u-la¹sti²,nka¹-la¹sti²,V;PFV,4,5
405,lakwa¹,nti-lakwa¹,V;HAB,4,5
406,i-ty-ano,nkw-i-ty-ano,V;PFV,4,5
407,sę²,nku-sę²,V;PFV,4,5
408,aka,nk-aa¹,V;PFV,4,5
409,y-aka¹,ch-aka¹,V;POT,4,5
410,u¹-na²na,nka¹-na²na,V;PFV,4,5
411,ka¹ʔa²,nte-ka¹ʔa²,V;PROG,4,5
412,y-aką¹ʔ,nte-y-a¹ką²ʔ,V;PROG,4,5
413,u-tikąʔ,k-u-tikąʔ,V;POT,4,5
414,katę¹,nku-katę¹,V;PFV,4,5
415,u-xiką,nte-xiką,V;PROG,4,5
416,u-kili,nka-kili,V;PFV,4,5
417,i-lyo¹o²,nkw-i-lyo¹o²,V;PFV,4,5
418,u-xi¹-ką²ʔ,nte-xi¹-ką²ʔ,V;PROG,4,5
419,nikwę,nte-nikwę,V;PROG,4,5
420,u-s-ene¹,k-u-s-ene¹,V;POT,4,5
421,la²ʔwa,nku-la²ʔwa,V;PFV,4,5
422,u-ʔne,k-u-ʔne,V;POT,4,5
423,u-la¹sti²,la¹sti²,V;POT,4,5
424,ta²tza,nku¹-ta²tza,V;PFV,4,5
425,li²tiʔ,ki¹-li²tiʔ,V;POT,4,5
426,tyehna¹,tyehna¹,V;POT,4,5
427,ahi,nti-hi,V;HAB,4,5
428,i-xi¹-ką²ʔ,nte-xi¹-ką²ʔ,V;PROG,4,5
429,u¹-s-a²ta,nt-u¹-s-a²ta,V;HAB,4,5
430,ti²kwi¹,nte¹-ti²kwi¹,V;PROG,4,5
431,u¹-hni²,nte¹-hni²,V;PROG,4,5
432,uwe,y-uwe,V;PFV,4,5
433,te²e¹ʔ,n-tyeeʔ,V;HAB,4,5
434,y-atę¹,nte-y-a¹tę²,V;PROG,4,5
435,kili,nku-kili,V;PFV,4,5
436,nuʔu,ki-nuʔu,V;POT,4,5
437,teę,nti-teę,V;HAB,4,5
438,teʔę,n-tyeʔę,V;HAB,4,5
439,ta²su¹,n-tya²su¹,V;HAB,4,5
440,anaʔ,nku-naʔ,V;PFV,4,5
441,y-u²kwa¹ʔ,nte-y-u²kwa¹ʔ,V;PROG,4,5
442,u-kiʔi,nt-u-kiʔi,V;HAB,4,5
443,laha,nti-laha,V;HAB,4,5
444,uhwiʔ,nt-uhwiʔ,V;HAB,4,5
445,kachi¹,ki-kachi¹,V;POT,4,5
446,i²kwą¹,k-ikwą,V;POT,4,5
447,utzę,y-utzę,V;PFV,4,5
448,i-ty-ano,k-i-ty-ano,V;POT,4,5
449,y-a²la,nk-y-a²la,V;PFV,4,5
450,y-aha¹,ch-aha¹,V;POT,4,5
451,ki¹tę²ʔ,nte-ki¹tę²ʔ,V;PROG,4,5
452,ene,nkw-ene,V;PFV,4,5
453,aʔna¹,y-aʔna¹,V;PFV,4,5
454,y-uteʔ,tala n-ch-uteʔ,V;HAB,4,5
455,tehę¹,n-tyehę¹,V;HAB,4,5
456,y-a²no¹,n-ch-ano,V;HAB,4,5
457,xę²,ki¹-xę²,V;POT,4,5
458,u-s-akwę¹,nka-s-akwę¹,V;PFV,4,5
459,u-kiʔi,nte-kiʔi,V;PROG,4,5
460,i¹-s-a²ta,nt-i¹-s-a²ta,V;HAB,4,5
461,laha,nku-laha,V;PFV,4,5
462,y-a²na¹,nte-y-a²na¹,V;PROG,4,5
463,ohoʔ,nti-hoʔ,V;HAB,4,5
464,laʔa,nte-laʔa,V;PROG,4,5
465,u-ni¹tza²ʔ,nte-ni¹tza²ʔ,V;PROG,4,5
466,u-s-atą,nka-s-atą,V;PFV,4,5
467,yee,nkwi-yee¹,V;PFV,4,5
468,u-tihi,nka-tihi,V;PFV,4,5
469,toǫ,nte-toǫ,V;PROG,4,5
470,t-a²ha¹,ty-aha,V;POT,4,5
471,u-la²a¹,nte-la²a¹,V;PROG,4,5
472,i-s-atiʔ,nte-s-atiʔ,V;PROG,4,5
473,y-a¹kwę²,ch-akwę¹,V;POT,4,5
474,kalaʔ,nku-kalaʔ,V;PFV,4,5
475,u-kaʔa,nka-kaʔa,V;PFV,4,5
476,u²ne¹,k-une,V;POT,4,5
477,u¹-t-i²sę,nka¹-t-i²sę,V;PFV,4,5
478,u²ne¹,nch-u²ne¹,V;PROG,4,5
479,kaʔa,nti-kaʔa,V;HAB,4,5
480,xa²ʔa¹,nka-xa²ʔa¹,V;PFV,4,5
481,u¹-s-a²ta,s-a²ta,V;POT,4,5
482,lakwi,nti-lakwi,V;HAB,4,5
483,i-ch-ukwą¹,nte-ch-ukwą¹,V;PROG,4,5
484,i-lyo¹o²,k-i-lyo¹o²,V;POT,4,5
485,ku¹na²ʔ,nte-ku¹na²ʔ,V;PROG,4,5
486,i-s-uwi¹ʔ,k-i-s-uwi¹ʔ,V;POT,4,5
487,u-ke¹la²,nka-ke¹la²,V;PFV,4,5
488,y-uteʔ,ch-uteʔ,V;POT,4,5
489,y-atiʔ,nte-y-atiʔ,V;PROG,4,5
490,te²e¹ʔ,nku-te²e¹ʔ,V;PFV,4,5
491,ya²ʔą,nte¹-ya²ʔą,V;PROG,4,5
492,tyu²kwa,n-tyu²kwa,V;HAB,4,5
493,yatę,tala nt-yatę,V;HAB,4,5
494,u-s-atę¹,nka-s-atę¹,V;PFV,4,5
495,hu²ų¹,nti-huų,V;HAB,4,5
496,i²kwa¹,k-ikwa,V;POT,4,5
497,tehę¹,nku-tehę¹,V;PFV,4,5
498,ya¹ʔne²,ch–a¹ʔne²,V;POT,4,5
499,a¹ke²ʔ,nch-ake¹ʔ,V;PROG,4,5
500,i-ty-ala¹,k-i-ty-ala¹,V;POT,4,5
501,u-ti¹te²,nka-ti¹te²,V;PFV,4,5
502,ku²ti,nku-ku²ti,V;PFV,4,5
503,tiyaą,tiyaą,V;POT,4,5
504,i-ty-alaʔ,nkw-i-ty-alaʔ,V;PFV,4,5
505,takąʔ,nku-takąʔ,V;PFV,4,5
506,u-la²tza¹,nka-la²tza¹,V;PFV,4,5
507,u-ka¹ta²,nt-u-kata¹,V;HAB,4,5
508,i²chą,nkw-i²chą,V;PFV,4,5
509,tikwę,nte-tikwę,V;PROG,4,5
510,i²su¹,nte-k-isu,V;PROG,4,5
511,i-xi¹-ką²ʔ,nt-i-xi¹-ką²ʔ,V;HAB,4,5
512,u-ka¹ta²,nte-ka¹ta²,V;PROG,4,5
513,oʔo¹,y-oʔo¹,V;PFV,4,5
514,u-te¹tza²,nka-te¹tza²,V;PFV,4,5
515,u¹-chi²kwę,nka¹-chi²kwę,V;PFV,4,5
516,u-laʔa,k-u-laʔa,V;POT,4,5
517,i-katzǫ¹,k-i-katzǫ¹,V;POT,4,5
518,u-teę,nka-teę,V;PFV,4,5
519,la²kwi,nte¹-la²kwi,V;PROG,4,5
520,u¹-hna²ʔ,hna²ʔ,V;POT,4,5
521,u¹-ba²ʔa¹,nte¹-ba²ʔa¹,V;PROG,4,5
522,ta²su¹,nte-ta²su¹,V;PROG,4,5
523,a¹ką²ʔ,ki¹-ką²ʔ,V;POT,4,5
524,ukwą¹,nch-ukwą¹,V;PROG,4,5
525,so²ʔ,nti-so¹ʔ,V;HAB,4,5
526,ka¹ta²,ki-kata¹,V;POT,4,5
527,naa,nti-naa,V;HAB,4,5
528,u-ti¹kų²,nt-u-ti¹kų²,V;HAB,4,5
529,u-t-alaʔ,nt-u-t-alaʔ,V;HAB,4,5
530,a¹ke²ʔ,ke²ʔ,V;PFV,4,5
531,su²lu,nkwi¹-su²lu,V;PFV,4,5
532,i¹ʔya²,nt-iʔya¹,V;HAB,4,5
533,u¹-li²nto,li²nto,V;POT,4,5
534,tiyaą,nku-tiyaą,V;PFV,4,5
535,u¹-hni²,nka¹-hni²,V;PFV,4,5
536,oʔo¹,nch-oʔo¹,V;PROG,4,5
537,tunu,tyunu,V;POT,4,5
538,katę¹,ki-katę¹,V;POT,4,5
539,i-ki¹-hnya²,nkw-i-ki¹-hnya²,V;PFV,4,5
540,u-t-ano,nte-t-ano,V;PROG,4,5
541,u-liʔi,nka-liʔi,V;PFV,4,5
542,u¹-tę²,nt-u-tę¹,V;HAB,4,5
543,uhwiʔ,nch-uhwi¹ʔ,V;PROG,4,5
544,ta²kwi¹,n-tyakwi,V;HAB,4,5
545,i-lyuʔu¹,k-i-lyuʔu¹,V;POT,4,5
546,u¹-hni²,nt-u¹-hni²,V;HAB,4,5
547,teʔę,nku-teʔę,V;PFV,4,5
548,i-chata,k-i-chata,V;POT,4,5
549,u-totza,nt-u-totza,V;HAB,4,5
550,sana¹,nku-sana¹,V;PFV,4,5
551,li²ya¹,nti-liya,V;HAB,4,5
552,teę,nkwi-teę,V;PFV,4,5
553,i-tyunu,k-i-tyunu,V;POT,4,5
554,y-a²ku,ch-a²ku,V;POT,4,5
555,eʔe,nkwi-ʔe,V;PFV,4,5
556,u¹ra²,nka¹-ra²,V;PFV,4,5
557,u-s-akwę¹,k-u-s-akwę¹,V;POT,4,5
558,u-laʔa,nka-laʔa,V;PFV,4,5
559,aą,ntey-aą,V;PROG,4,5
560,y-u²kwa¹,nk-y-ukwa,V;PFV,4,5
561,na¹a²,nte-na¹a²,V;PROG,4,5
562,i-s-ene¹,nkw-i-s-ene¹,V;PFV,4,5
563,u-ne¹ʔe²,k-u-ne¹ʔe²,V;POT,4,5
564,yee,k-yee,V;POT,4,5
565,hnya¹ʔ,ki-hnya¹ʔ,V;POT,4,5
566,hu²ʔu¹,ki-huʔu,V;POT,4,5
567,u¹-tu²kwi,nt-u¹-tu²kwi,V;HAB,4,5
568,u¹ʔya²,k-uʔya¹,V;POT,4,5
569,u¹-ni²kwę,ni²kwę,V;POT,4,5
570,akwiʔ,y-akwiʔ,V;PFV,4,5
571,kana¹,ki-kana¹,V;POT,4,5
572,ta¹ką²ʔ,n-tya¹ką²ʔ,V;HAB,4,5
573,hnaʔ,nte-hnaʔ,V;PROG,4,5
574,y-alaʔ,n-ch-alaʔ,V;HAB,4,5
575,y-aka¹,nk-y-aka¹,V;PFV,4,5
576,u-te¹tza²,k-u-te¹tza²,V;POT,4,5
577,u-na¹kwą²,nte-na¹kwą²,V;PROG,4,5
578,u-laʔa,nt-u-laʔa,V;HAB,4,5
579,u-kehę,k-u-kehę,V;POT,4,5
580,u-xikwą,nte-xikwą,V;PROG,4,5
581,u-luʔu¹,nt-u-luʔu¹,V;HAB,4,5
582,akwiʔ,ki-kwiʔ,V;POT,4,5
583,u¹-ni²kwę,nt-u¹-ni²kwę,V;HAB,4,5
584,i-k-ikwą,nte-k-ikwą,V;PROG,4,5
585,i-s-uweʔ,nt-i-s-uweʔ,V;HAB,4,5
586,i-ki¹-hnya²,k-i-ki¹-hnya²,V;POT,4,5
587,xę,nti-xę,V;HAB,4,5
588,u-s-atę¹,k-u-s-atę¹,V;POT,4,5
589,hnya²,nti¹-hnya²,V;HAB,4,5
590,nuʔu,nku-nuʔu,V;PFV,4,5
591,so²ʔ,ki-so¹ʔ,V;POT,4,5
592,i-katzǫ¹,nt-i-katzǫ¹,V;HAB,4,5
593,ti¹kų²,ki-ti¹kų²,V;POT,4,5
594,u-lu²u¹,nt-u-luu,V;HAB,4,5
595,u-suʔu¹,k-u-suʔu¹,V;POT,4,5
596,u-la²tza¹,nt-u-latza,V;HAB,4,5
597,y-a²no¹,nk-y-a²no¹,V;PFV,4,5
598,nikwę,nti-nikwę,V;HAB,4,5
599,xa²ʔa¹,nti-xaʔa,V;HAB,4,5
600,tza¹ʔą²,ki-tza¹ʔą²,V;POT,4,5
601,taa,n-tyaa,V;HAB,4,5
602,i-ly-a²su,k-i-ly-asu,V;POT,4,5
603,u-te¹tza²,nte-te¹tza²,V;PROG,4,5
604,lu¹kwa²,ki-lukwa¹,V;POT,4,5
605,kaʔa,ki-kaʔa,V;POT,4,5
606,kachi¹,nti-kachi¹,V;HAB,4,5
607,aʔna¹,nti-ʔnya,V;HAB,4,5
608,u¹-li¹hi²,nte¹-li¹hi²,V;PROG,4,5
609,akwaʔ,k-akwaʔ,V;POT,4,5
610,tee¹,n-tyee,V;HAB,4,5
611,lya¹,nte-lya¹,V;PROG,4,5
612,li²ya¹,nku-li²ya¹,V;PFV,4,5
613,y-aka¹,nte-ch-aka¹,V;PROG,4,5
614,u¹la²,nt-ula¹,V;HAB,4,5
615,u-li¹ti²ʔ,nt-u-li¹ti²ʔ,V;HAB,4,5
616,ki¹tzę²,nku-ki¹tzę²,V;PFV,4,5
617,kili,ki-kili,V;POT,4,5
618,naʔa,nte¹-naʔa,V;PROG,4,5
619,y-akę¹,nk-y-akę¹,V;PFV,4,5
620,te¹tza²,nte-te¹tza²,V;PROG,4,5
621,t-uʔu,ty-uʔu,V;POT,4,5
622,kachi¹ʔ,ki-kachi¹ʔ,V;POT,4,5
623,u¹-na²na,nt-u¹-na²na,V;HAB,4,5
624,tye¹ʔę²,nte-tye¹ʔę²,V;PROG,4,5
625,u-ka¹ti²,nte-ka¹ti²,V;PROG,4,5
626,lya¹,nti-lya¹,V;HAB,4,5
627,takąʔ,n-tyakąʔ,V;HAB,4,5
628,aą,nihyaą,V;POT,4,5
629,xiti,nti-xiti,V;HAB,4,5
630,xu¹ʔu²,nku-xu¹ʔu²,V;PFV,4,5
631,etza¹ʔ,nt-etza¹ʔ,V;HAB,4,5
632,teʔę,n-teʔę,V;PROG,4,5
633,u-s-e¹lu²,k-u-s-e¹lu²,V;POT,4,5
634,u-la¹ti²ʔ,k-u-la¹ti²ʔ,V;POT,4,5
635,tu²we,n-tyu²we,V;HAB,4,5
636,xiya¹ʔ,nti-xiya¹ʔ,V;HAB,4,5
637,y-uwi¹ʔ,nk-y-u¹wi²ʔ,V;PFV,4,5
638,u-tu¹kwa²,nte-tu¹kwa²,V;PROG,4,5
639,a¹kwi²,nti¹-kwi²,V;HAB,4,5
640,xa²ʔa¹,ki-xaʔa,V;POT,4,5
641,u-kachi¹ʔ,nka-kachi¹ʔ,V;PFV,4,5
642,u-luʔu¹,nka-luʔu¹,V;PFV,4,5
643,ohoʔ,k-ohoʔ,V;POT,4,5
644,lu²u¹,nte-lu²u¹,V;PROG,4,5
645,u-te¹hę²,nte-te¹hę²,V;PROG,4,5
646,i-ni¹ʔi²,k-i-ni¹ʔi²,V;POT,4,5
647,u-kachi¹ʔ,nt-u-kachi¹ʔ,V;HAB,4,5
648,yata,n-chata,V;HAB,4,5
649,akwę¹,nch-akwę¹,V;PROG,4,5
650,u-s-akwę¹,nt-u-s-akwę¹,V;HAB,4,5
651,tee¹,nte-tee¹,V;PROG,4,5
652,naʔa,nka¹-naʔa,V;PFV,4,5
653,u-s-atą,k-u-s-atą,V;POT,4,5
654,y-a²la,nte¹-y-a²la,V;PROG,4,5
655,a¹ta²ʔ,nch-a¹ta²ʔ,V;PROG,4,5
656,u-t-alaʔ,k-u-t-alaʔ,V;POT,4,5
657,tunu,nte-tunu,V;PROG,4,5
658,y-a²ta,ch-a²ta,V;POT,4,5
659,u¹-chi²kwę,nt-u¹-chi²kwę,V;HAB,4,5
660,u-ni¹tza²ʔ,k-u-ni¹tza²ʔ,V;POT,4,5
661,saʔą,nte-saʔą,V;PROG,4,5
662,su²lu,nte¹-su²lu,V;PROG,4,5
663,tunu,nku-tunu,V;PFV,4,5
664,ʔni,nka-ʔni,V;PFV,4,5
665,u-teę,nte-teę,V;PROG,4,5
666,y-a²ta,nte-y-a²ta,V;PROG,4,5
667,u-ki¹tę²ʔ,nte-ki¹tę²ʔ,V;PROG,4,5
668,tyu²kwa,nkwi¹-tyu²kwa,V;PFV,4,5
669,ti²kwi¹,nti-tikwi,V;HAB,4,5
670,lya¹,ki-lya¹,V;POT,4,5
671,yu¹kwą²,ch–u¹kwą²,V;POT,4,5
672,i²chaą¹,nkw-i²chaą¹,V;PFV,4,5
673,ni¹i²,nkwi-ni¹i²,V;PFV,4,5
674,i¹ʔya²,k-iʔya¹,V;POT,4,5
675,xiti,nka-xiti,V;PFV,4,5
676,kehę,nte-kehę,V;PROG,4,5
677,so²ʔ,nkwi¹-so²ʔ,V;PFV,4,5
678,li²hi¹,ki-lihi,V;POT,4,5
679,y-u¹kų²ʔ,n-ch-u¹kų²ʔ,V;HAB,4,5
680,hnya¹ʔ,nti-hnya¹ʔ,V;HAB,4,5
681,atiʔ,nti-tiʔ,V;HAB,4,5
682,xiya¹ʔ,nte-xiya¹ʔ,V;PROG,4,5
683,nee,nka-nee,V;PFV,4,5
684,u¹-tu²we,nka¹-tu²we,V;PFV,4,5
685,u-xu¹ʔu²,nka-xu¹ʔu²,V;PFV,4,5
686,ku¹na²ʔ,nku-ku¹na²ʔ,V;PFV,4,5
687,i²chaa¹,nkw-i²chaa¹,V;PFV,4,5
688,naa,nte-naa,V;PROG,4,5
689,ka¹ʔa²,nti-ka¹ʔa²,V;HAB,4,5
690,tz-u¹kų²ʔ,nte-tz-u¹kų²ʔ,V;PROG,4,5
691,u-nuʔu,k-u-nuʔu,V;POT,4,5
692,y-a²la,n-ch-a²la,V;HAB,4,5
693,u-la¹ha²,nte-la¹ha²,V;PROG,4,5
694,xę,nte-xę,V;PROG,4,5
695,uhwiʔ,k-uhwiʔ,V;POT,4,5
696,hya¹,nti-hya,V;HAB,4,5
697,u¹ʔya²,nka¹-ʔya²,V;PFV,4,5
698,u-tisa¹ʔ,nte-tisa¹ʔ,V;PROG,4,5
699,t-u²kwa¹,ty-ukwa,V;POT,4,5
700,xiką,nkwi-xiką,V;PFV,4,5
701,u-li¹ti²ʔ,k-u-li¹ti²ʔ,V;POT,4,5
702,i-lyu²u¹,nte-lyu²u¹,V;PROG,4,5
703,tu²ʔya,nku¹-tu²ʔya,V;PFV,4,5
704,u-na¹kwą²,k-u-nakwą¹,V;POT,4,5
705,takąʔ,tyakąʔ,V;POT,4,5
706,xu¹ʔu²,ki-xu¹ʔu²,V;POT,4,5
707,u¹-sti²,nka¹-sti²,V;PFV,4,5
708,u¹-kų²,kų²,V;POT,4,5
709,achi¹,nch-achi¹,V;PROG,4,5
710,u¹-xę²,xę²,V;POT,4,5
711,ya¹a²,nk-ya¹a²,V;PFV,4,5
712,i²su¹,nkw-i²su¹,V;PFV,4,5
713,tu²we,nte¹-tu²we,V;PROG,4,5
714,i-ty-alaʔ,nte-ty-alaʔ,V;PROG,4,5
715,ala,k-ala,V;POT,4,5
716,u-ʔne,ntey-u-ʔne,V;PROG,4,5
717,t-u²kwa¹,n-ty-ukwa,V;HAB,4,5
718,kana¹,nte-kana¹,V;PROG,4,5
719,kachi¹ʔ,nku-kachi¹ʔ,V;PFV,4,5
720,aka,nch-aka¹,V;PROG,4,5
721,u¹-tu²kwi,tu²kwi,V;POT,4,5
722,u-s-a¹ʔwe²,nte-s-a¹ʔwe²,V;PROG,4,5
723,y-u²kwa¹,ch-ukwa,V;POT,4,5
724,u-t-u¹ʔu²,nte-t-u¹ʔu²,V;PROG,4,5
725,ʔne,ʔne,V;POT,4,5
726,toǫ,tyoǫ,V;POT,4,5
727,u-te²e¹ʔ,nka-te²e¹ʔ,V;PFV,4,5
728,i-s-atiʔ,nt-i-s-atiʔ,V;HAB,4,5
729,u-lo¹o²,nte-lo¹o²,V;PROG,4,5
730,nyaxęʔ,ki-nyaxęʔ,V;POT,4,5
731,yaą,ch–aą,V;POT,4,5
732,nikwę,ki-nikwę,V;POT,4,5
733,u-loʔo,nt-u-loʔo,V;HAB,4,5
734,ke¹la²,nti-ke¹la²,V;HAB,4,5
735,ata,nch-ata,V;PROG,4,5
736,ʔne,tala ʔne,V;HAB,4,5
737,yaʔne,n-chaʔne,V;HAB,4,5
738,nuʔu,nte-nuʔu,V;PROG,4,5
739,t-a²kę¹,nte-t-a²kę¹,V;PROG,4,5
740,u-xikwą,nka-xikwą,V;PFV,4,5
741,ka²ʔne¹,ki-kaʔne,V;POT,4,5
742,la¹la²,ki-lala¹,V;POT,4,5
743,u-s-atiʔ,nt-u-s-atiʔ,V;HAB,4,5
744,y-u²kwa¹ʔ,ch-ukwaʔ,V;POT,4,5
745,u-s-atę¹,nte-s-atę¹,V;PROG,4,5
746,i-s-ene¹,nte-s-ene¹,V;PROG,4,5
747,ukwęʔ,nt-ukwęʔ,V;HAB,4,5
748,tee¹,tyee,V;POT,4,5
749,u-tyele,k-u-tyele,V;POT,4,5
750,tyu¹kwa²,tyukwa¹,V;POT,4,5
751,y-uwi¹ʔ,nte-ch-uwi¹ʔ,V;PROG,4,5
752,sesu,nte-sesu,V;PROG,4,5
753,oʔo¹,k-o¹ʔo²,V;POT,4,5
754,u-ta¹ʔą²,nka-ta¹ʔą²,V;PFV,4,5
755,i-ty-alaʔ,nt-i-ty-alaʔ,V;HAB,4,5
756,u-ki¹į²,nte-ki¹į²,V;PROG,4,5
757,u-liʔi,nt-u-liʔi,V;HAB,4,5
758,u-kehę,nte-kehę,V;PROG,4,5
759,akwiʔ,nch-akwiʔ,V;PROG,4,5
760,u-la²a¹,nt-u-laa,V;HAB,4,5
761,ta²kwi¹,nku-ta²kwi¹,V;PFV,4,5
762,i-ty-ano,nt-i-ty-ano,V;HAB,4,5
763,u-t-a¹kę²,nte-t-a¹kę²,V;PROG,4,5
764,a¹kwi²,k-a¹kwi²,V;POT,4,5
765,lye¹ʔe²,nkwi¹-lye¹ʔe²,V;PFV,4,5
766,uwe,k-uwe,V;POT,4,5
767,u¹-sti²,sti²,V;POT,4,5
768,tiyaʔ,nte-tiyaʔ,V;PROG,4,5
769,u-tihi,nt-u-tihi,V;HAB,4,5
770,tye¹ʔę²,nti-tye¹ʔę²,V;HAB,4,5
771,ya¹chi²ʔ,ch–achi¹ʔ,V;POT,4,5
772,ala,nti-la,V;HAB,4,5
773,u-suʔu¹,nka-suʔu¹,V;PFV,4,5
774,a¹lu²,lu²,V;PFV,4,5
775,u-xikwą,nt-u-xikwą,V;HAB,4,5
776,etza¹ʔ,nte-l-etza¹ʔ,V;PROG,4,5
777,kachi¹,nku-kachi¹,V;PFV,4,5
778,tz-u¹kų²ʔ,ki-tz-u¹kų²ʔ,V;POT,4,5
779,sę²,ki¹-sę²,V;POT,4,5
780,u-tikwę,ntu-tikwę,V;HAB,4,5
781,u-lo¹o²,nka-lo¹o²,V;PFV,4,5
782,u-s-u²kwa¹ʔ,nt-u-s-ukwaʔ,V;HAB,4,5
783,u-sa¹ʔą²,k-u-sa¹ʔą²,V;POT,4,5
784,u-katę¹,nte-katę¹,V;PROG,4,5
785,ukwą¹,k-ukwą¹,V;POT,4,5
786,nakwą¹,ki-nakwą¹,V;POT,4,5
787,sukwa¹,nku-sukwa¹,V;PFV,4,5
788,te¹tza²,nku-te¹tza²,V;PFV,4,5
789,uwe,nch-uwe,V;PROG,4,5
790,a¹tę²,k-a¹tę²,V;POT,4,5
791,li²tiʔ,nku-li²tiʔ,V;PFV,4,5
792,nakwą¹,nte-nakwą¹,V;PROG,4,5
793,i-s-e¹lu²,nte-s-e¹lu²,V;PROG,4,5
794,u-hnya¹ʔ,nte-hnya¹ʔ,V;PROG,4,5
795,katę¹,nti-katę¹,V;HAB,4,5
796,tya²na,nte¹-tya²na,V;PROG,4,5
797,tu²ʔya,tyu²ʔya,V;POT,4,5
798,u¹na²,nch-u¹na²,V;PROG,4,5
799,t-a²ha¹,nte-t-a²ha¹,V;PROG,4,5
800,ʔne,nte-ʔne,V;PROG,4,5
801,y-a²ku,nk-y-a²ku,V;PFV,4,5
802,tihi,nti-tihi,V;HAB,4,5
803,i-s-atiʔ,nkw-i-s-atiʔ,V;PFV,4,5
804,u-roǫ,nt-u-roǫ,V;HAB,4,5
805,la²kwi,ki¹-la²kwi,V;POT,4,5
806,wi²i¹,ki-wii,V;POT,4,5
807,u-s-e¹lu²,nt-u-s-e¹lu²,V;HAB,4,5
808,ke¹la²,ki-ke¹la²,V;POT,4,5
809,u-katę¹,k-u-katę¹,V;POT,4,5
810,i-lyo¹o²,nt-i-lyo¹o²,V;HAB,4,5
811,i-ni¹i²,nte-ni¹i²,V;PROG,4,5
812,u¹-tę²,y-u¹-tę²,V;PFV,4,5
813,xę²,nte¹-xę²,V;PROG,4,5
814,a¹tzu²ʔ,nch-atzu¹ʔ,V;PROG,4,5
815,i-tya¹a²,tya¹a²,V;POT,4,5
816,u¹la²,nch-u¹la²,V;PROG,4,5
817,ii,nkw-ii,V;PFV,4,5
818,u¹-ni²kwę,nka¹-ni²kwę,V;PFV,4,5
819,hnaʔ,nti-hnaʔ,V;HAB,4,5
820,la¹la²,nka-la¹la²,V;PFV,4,5
821,i¹-ty-e²ʔe,k-i¹-ty-e²ʔe,V;POT,4,5
822,u-tikąʔ,nka-tikąʔ,V;PFV,4,5
823,ti²kwi¹,ki-tikwi,V;POT,4,5
824,isę,nt-isę,V;HAB,4,5
825,ki¹tę²ʔ,nti-kitę¹ʔ,V;HAB,4,5
826,u-tu¹kwa²,nka-tu¹kwa²,V;PFV,4,5
827,li²hi¹,nte-li²hi¹,V;PROG,4,5
828,tihi,nte-tihi,V;PROG,4,5
829,yata,ch–ata,V;POT,4,5
830,alaʔ,nti-laʔ,V;HAB,4,5
831,u-kili,nte-kili,V;PROG,4,5
832,t-u²kwa¹,nku-t-u²kwa¹,V;PFV,4,5
833,ti¹te²,nte-ti¹te²,V;PROG,4,5
834,y-ukwą,nk-yu²kwą¹,V;PFV,4,5
835,i-lyaa,nt-i-lyaa,V;HAB,4,5
836,taʔą,n-tyaʔą,V;HAB,4,5
837,oo¹,k-o¹o²,V;POT,4,5
838,kana¹,nti-kana¹,V;HAB,4,5
839,la²ti¹,ki-lati,V;POT,4,5
840,hna²,ki-hna¹,V;POT,4,5
841,y-u¹kwa²,nte-y-u¹kwa²,V;PROG,4,5
842,u-la¹ti²ʔ,nte-la¹ti²ʔ,V;PROG,4,5
843,xu¹ʔu²,nte-xu¹ʔu²,V;PROG,4,5
844,la²ʔwa,nte¹-la²ʔwa,V;PROG,4,5
845,tya²na,tya²na,V;POT,4,5
846,u¹ra²,k-u¹ra²,V;POT,4,5
847,u-hnya¹,nt-u-hnya¹,V;HAB,4,5
848,tikąʔ,ki-tikąʔ,V;POT,4,5
849,u-tzu,nka²-tzu¹,V;PFV,4,5
850,utzę,nch-utzę,V;PROG,4,5
851,i-tyunu,nt-i-tyunu,V;HAB,4,5
852,ta¹a²ʔ,nte-ta¹a²ʔ,V;PROG,4,5
853,oʔo¹,nti¹-ʔyo²,V;HAB,4,5
854,u-tita¹,nt-u-tita¹,V;HAB,4,5
855,la²a¹,nku-la²a¹,V;PFV,4,5
856,xiką,ki-xiką,V;POT,4,5
857,u-hnya¹,nka-hnya¹,V;PFV,4,5
858,ki¹į²,nti-ki¹į²,V;HAB,4,5
859,u-su,nka-su,V;PFV,4,5
860,taʔą,nte-taʔą,V;PROG,4,5
861,tza¹ʔą²,nku-tza¹ʔą²,V;PFV,4,5
862,kehę,nti-kehę,V;HAB,4,5
863,u-ta¹ʔą²,nte-ta¹ʔą²,V;PROG,4,5
864,hlya¹,nku-hlya¹,V;PFV,4,5
865,u²ne¹,nt-une,V;HAB,4,5
866,isę,nte-sę,V;PROG,4,5
867,u¹na²,nt-una¹,V;HAB,4,5
868,y-a¹lu²,ch-a¹lu²,V;POT,4,5
869,y-uwi¹ʔ,n-ch-uwi¹ʔ,V;HAB,4,5
870,uʔwe,k-uʔwe,V;POT,4,5
871,y-u¹kwa²,n-ch-u¹kwa²,V;HAB,4,5
872,lu¹kwa²,nte-lu¹kwa²,V;PROG,4,5
873,tiyaʔ,nti-tiyaʔ,V;HAB,4,5
874,una,nt-una,V;HAB,4,5
875,aa,y-aa,V;PFV,4,5
876,u-tu¹su²ʔ,nka-tu¹su²ʔ,V;PFV,4,5
877,u¹-xę²,nt-u¹-xę²,V;HAB,4,5
878,u-teę,nt-u-teę,V;HAB,4,5
879,u-hwi,y-u-hwi,V;PFV,4,5
880,la²a¹,nte-la²a¹,V;PROG,4,5
881,nyą¹ʔ,nti-nyą¹ʔ,V;HAB,4,5
882,i-tyusu¹ʔ,n-tyusu¹ʔ,V;HAB,4,5
883,sesu,ki-sesu,V;POT,4,5
884,u-t-a¹kǫ²ʔ,nte-t-a¹kǫ²ʔ,V;PROG,4,5
885,xa²ʔa¹,nte-xa²ʔa¹,V;PROG,4,5
886,a¹ką²ʔ,ką²ʔ,V;PFV,4,5
887,itzu,nte-k-itzu,V;PROG,4,5
888,i-tyaʔą,nkw-i-tyaʔą,V;PFV,4,5
889,sukwa¹,nti-sukwa¹,V;HAB,4,5
890,u-lu²u¹,nka-lu²u¹,V;PFV,4,5
891,a¹tzu²ʔ,k-a¹tzu²ʔ,V;POT,4,5
892,u-kiʔi,k-u-kiʔi,V;POT,4,5
893,u¹-li²nto,nte¹-li²nto,V;PROG,4,5
894,u-s-akwę¹,nte-s-akwę¹,V;PROG,4,5
895,i-lyuʔu¹,nte-lyuʔu¹,V;PROG,4,5
896,akwę¹,k-a¹kwę²,V;POT,4,5
897,u¹na²,y-u¹na²,V;PFV,4,5
898,yuʔu¹,ch–uʔu¹,V;POT,4,5
899,u-ne¹ʔe²,nte-ne¹ʔe²,V;PROG,4,5
900,kiʔi,nti-kiʔi,V;HAB,4,5
901,aku,k-aku,V;POT,4,5
902,hnya¹ʔ,nku-hnya¹ʔ,V;PFV,4,5
903,atiʔ,y-atiʔ,V;PFV,4,5
904,y-a²no¹,ch-ano,V;POT,4,5
905,ta¹ką²ʔ,nku-ta¹ką²ʔ,V;PFV,4,5
906,u-so¹sa²,nka-so¹sa²,V;PFV,4,5
907,i-tyaʔą,nt-i-tyaʔą,V;HAB,4,5
908,a¹ke²ʔ,nti¹-ke²ʔ,V;HAB,4,5
909,na¹ʔa²,ki-na¹ʔa²,V;POT,4,5
910,ta²tza,nte¹-ta²tza,V;PROG,4,5
911,yakwęʔ,n-chakwęʔ,V;HAB,4,5
912,hiʔį¹,nte-hiʔį¹,V;PROG,4,5
913,ka¹ʔa²,ki-ka¹ʔa²,V;POT,4,5
914,u-la¹sti²,nt-u¹-la¹sti²,V;HAB,4,5
915,y-aką¹ʔ,n-ch-aką¹ʔ,V;HAB,4,5
916,wi²i¹,nte-wi²i¹,V;PROG,4,5
917,y-a¹ʔwe²,n-ch-a¹ʔwe²,V;HAB,4,5
918,atiʔ,nch-atiʔ,V;PROG,4,5
919,y-a²ha¹,nte-y-a²ha¹,V;PROG,4,5
920,u¹-tę²,ntey-u¹-tę²,V;PROG,4,5
921,y-atę¹,n-ch-atę¹,V;HAB,4,5
922,tikwę,ki-tikwę,V;POT,4,5
923,lye¹ʔe²,nti¹-lye¹ʔe²,V;HAB,4,5
924,u-wana¹,k-u-wana¹,V;POT,4,5
925,aku,nt-aku,V;HAB,4,5
926,u-s-u¹kwa²,nte-s-u¹kwa²,V;PROG,4,5
927,i-ni¹ʔi²,nte-ni¹ʔi²,V;PROG,4,5
928,ta²kwi¹,nte-ta²kwi¹,V;PROG,4,5
929,u-sa¹ʔą²,nka-sa¹ʔą²,V;PFV,4,5
930,y-u²kwa¹ʔ,n-ch-ukwaʔ,V;HAB,4,5
931,u-tu¹su²ʔ,k-u-tusu¹ʔ,V;POT,4,5
932,hnya¹ʔ,nte-hnya¹ʔ,V;PROG,4,5
933,ta¹a²,nka-ta¹a²,V;PFV,4,5
934,ya¹ʔne²,nte-ya¹ʔne²,V;PROG,4,5
935,t-u²kwa¹,nte-t-u²kwa¹,V;PROG,4,5
936,u-s-ene¹,nka-s-ene¹,V;PFV,4,5
937,u-tu¹su²ʔ,nte-tu¹su²ʔ,V;PROG,4,5
938,lala¹,nti-lala¹,V;HAB,4,5
939,kiʔi,ki-kiʔi,V;POT,4,5
940,ata,k-ata,V;POT,4,5
941,na¹ʔa²,nte-na¹ʔa²,V;PROG,4,5
942,u-la¹sti²,nte¹-la¹sti²,V;PROG,4,5
943,ta¹a²ʔ,n-tyaa¹ʔ,V;HAB,4,5
944,u¹-tę²,k-u-tę¹,V;POT,4,5
945,u-katzǫ¹,nka-katzǫ¹,V;PFV,4,5
946,u-s-e¹lu²,nte-s-e¹lu²,V;PROG,4,5
947,ahi,nku-hwi,V;PFV,4,5
948,i-ty-ano,nte-ty-ano,V;PROG,4,5
949,ichi¹,nkw-ichi¹,V;PFV,4,5
950,i-tyotza,nkw-i-totza,V;PFV,4,5
951,u-roǫ,k-u-roǫ,V;POT,4,5
952,yaa¹ʔ,nte-ya¹a²ʔ,V;PROG,4,5
953,ta¹a²,ta¹a²,V;POT,4,5
954,itzu,k-itzu,V;POT,4,5
955,t-a²ha¹,n-ty-aha,V;HAB,4,5
956,aka,nti-ka,V;HAB,4,5
957,wini,nti-wini,V;HAB,4,5
958,katzǫ¹,nku-katzǫ¹,V;PFV,4,5
959,lala¹,ki-lala¹,V;POT,4,5
960,u-t-ano,nt-u-t-ano,V;HAB,4,5
961,y-a¹ʔwe²,ch-a¹ʔwe²,V;POT,4,5
962,ya²ʔą¹,n-chaʔą,V;HAB,4,5
963,wi¹ʔi²,nku-wi¹ʔi²,V;PFV,4,5
964,u¹-ni²kwę,nte¹-ni²kwę,V;PROG,4,5
965,i-tya¹a²,nkw-i-tya¹a²,V;PFV,4,5
966,u-lu²u¹,nte-lu²u¹,V;PROG,4,5
967,i²chą,nte-k-i²chą,V;PROG,4,5
968,tyu¹kwa²,nku-tyu¹kwa²,V;PFV,4,5
969,xę²,nti¹-xę²,V;HAB,4,5
970,ta¹ką²ʔ,nte-ta¹ką²ʔ,V;PROG,4,5
971,i-ki¹-hnya²,nt-i-ki¹-hnya²,V;HAB,4,5
972,u-t-alaʔ,nte-t-alaʔ,V;PROG,4,5
973,wi²i¹,nku-wi²i¹,V;PFV,4,5
974,u-s-a¹ʔwe²,nka-s-a¹ʔwe²,V;PFV,4,5
975,te¹tza²,nti-te¹tza²,V;HAB,4,5
976,nuʔu,nti-nuʔu,V;HAB,4,5
977,u-la¹ha²,nt-u-la¹ha²,V;HAB,4,5
978,u¹na²,k-una¹,V;POT,4,5
979,u¹-so²ʔ,nte¹-so²ʔ,V;PROG,4,5
980,u-kili,k-u-kili,V;POT,4,5
981,u-tisa¹ʔ,nka-tisa¹ʔ,V;PFV,4,5
982,u-tita¹,nka-tita¹,V;PFV,4,5
983,u-s-a¹ʔwe²,k-u-s-a¹ʔwe²,V;POT,4,5
984,i-lyakwa¹,nt-i-lyakwa¹,V;HAB,4,5
985,i²chą,k-i²chą,V;POT,4,5
986,tu¹kwa²,n-tyu¹kwa²,V;HAB,4,5
987,eta,tala nt-eta,V;HAB,4,5
988,su¹,nte-su¹,V;PROG,4,5
989,etza¹ʔ,nkw-etza¹ʔ,V;PFV,4,5
990,u-t-u¹ʔu²,k-u-t-u¹ʔu²,V;POT,4,5
991,yaą,nte-chaą,V;PROG,4,5
992,u¹la²,k-ula¹,V;POT,4,5
993,u-ka¹ta²,k-u-kata¹,V;POT,4,5
994,ku²ti,nte¹-ku²ti,V;PROG,4,5
995,kehę,nku-kehę,V;PFV,4,5
996,u¹-chi²kwę,nte¹-chi²kwę,V;PROG,4,5
997,u-te¹hę²,nt-u-tehę¹,V;HAB,4,5
998,y-uweʔ,ch-uweʔ,V;POT,4,5
999,u-t-a²ha¹,nka-t-a²ha¹,V;PFV,4,5
1000,hnii,nku-hnii,V;PFV,4,5
1001,i-chata,nt-i-chata,V;HAB,4,5
1002,tyu¹kwa²,n-tyukwa¹,V;HAB,4,5
1003,u-kehę,nt-u-kehę,V;HAB,4,5
1004,u¹-kų²,nt-u¹-kų²,V;HAB,4,5
1005,u-ka¹ti²,nt-u-kati¹,V;HAB,4,5
1006,etza¹ʔ,k-etza¹ʔ,V;POT,4,5
1007,kiʔi,nku-kiʔi,V;PFV,4,5
1008,y-u¹kų²ʔ,ch-u¹kų²ʔ,V;POT,4,5
1009,ahi¹,k-a¹ha²,V;POT,4,5
1010,y-atę¹,nk-y-a¹tę²,V;PFV,4,5
1011,u-sukwi,nt-u-sukwi,V;HAB,4,5
1012,eʔe,nte-k-eʔe,V;PROG,4,5
1013,lyaʔa¹,nti-lyaʔa¹,V;HAB,4,5
1014,y-a¹la²,nte-ch-ala¹,V;PROG,4,5
1015,u-s-uweʔ,nte-s-uweʔ,V;PROG,4,5
1016,u¹-t-i²sę,nt-u¹-t-i²sę,V;HAB,4,5
1017,i-xi¹-ką²ʔ,k-i-xi¹-ką²ʔ,V;POT,4,5
1018,tzoʔo,nkwi-tzoʔo,V;PFV,4,5
1019,hna²,nku-hna²,V;PFV,4,5
1020,y-atzu,n-ch-atzu,V;HAB,4,5
1021,i¹-hni²,nt-i¹-hni²,V;HAB,4,5
1022,so²ʔ,nte-so¹ʔ,V;PROG,4,5
1023,uʔwe,nch-uʔwe,V;PROG,4,5
1024,u-teę,k-u-teę,V;POT,4,5
1025,u-so¹sa²,k-u-so¹sa²,V;POT,4,5
1026,ki¹į²,nku-ki¹į²,V;PFV,4,5
1027,achi¹,k-achi¹,V;POT,4,5
1028,i²su¹,k-isu,V;POT,4,5
1029,y-uweʔ,nk-y-uweʔ,V;PFV,4,5
1030,xiya¹ʔ,ki-xiya¹ʔ,V;POT,4,5
1031,u-s-e¹lu²,nka-s-e¹lu²,V;PFV,4,5
1032,akwę¹,nti¹-kwę²,V;HAB,4,5
1033,u-lu²u¹,k-u-luu,V;POT,4,5
1034,sę²,nte¹-sę²,V;PROG,4,5
1035,aa,tz-aa,V;POT,4,5
1036,i²chaą¹,nt-ichaą,V;HAB,4,5
1037,i-lyatza,nte-lyatza,V;PROG,4,5
1038,i-s-e¹lu²,k-i-s-e¹lu²,V;POT,4,5
1039,lya,nka-lya,V;PFV,4,5
1040,u-la²tza¹,nte-la²tza¹,V;PROG,4,5
1041,u-s-atą,nte-s-atą,V;PROG,4,5
1042,ke²la¹,nti-kela,V;HAB,4,5
1043,y-a²no¹,nte-y-a²no¹,V;PROG,4,5
1044,u-l-a²su¹,k-u-l-asu,V;POT,4,5
1045,lu¹kwa²,nti-lukwa¹,V;HAB,4,5
1046,eʔe,nti-ʔe,V;HAB,4,5
1047,u-ʔne,nkay-u-ʔne,V;PFV,4,5
1048,i-ch-uhwi¹ʔ,nte-ch-uhwi¹ʔ,V;PROG,4,5
1049,akwaʔ,nku-kwaʔ,V;PFV,4,5
1050,laʔa,ki-laʔa,V;POT,4,5
1051,ka¹ta²,nte-ka¹ta²,V;PROG,4,5
1052,u-lakwa¹,k-u-lakwa¹,V;POT,4,5
1053,u-s-uweʔ,k-u-s-uweʔ,V;POT,4,5
1054,i-tya¹a²,nte-tya¹a²,V;PROG,4,5
1055,ya²ʔą¹,ch–aʔą,V;POT,4,5
1056,y-uwi¹ʔ,ch-uwi¹ʔ,V;POT,4,5
1057,ya¹chi²ʔ,n-chachi¹ʔ,V;HAB,4,5
1058,uʔwe,nk-uʔwe,V;PFV,4,5
1059,u-lo¹o²,k-u-lo¹o²,V;POT,4,5
1060,tza²,nti¹-tza²,V;HAB,4,5
1061,i-tyotza,k-i-tyotza,V;POT,4,5
1062,i-ni¹ʔi²,nt-i-ni¹ʔi²,V;HAB,4,5
1063,u¹ʔya²,nte¹-ʔya²,V;PROG,4,5
1064,ta²tza,n-tya²tza,V;HAB,4,5
1065,naa,nku-naa,V;PFV,4,5
1066,u-so¹sa²,nt-u-so¹sa²,V;HAB,4,5
1067,u-t-a¹kę²,nt-u-t-akę¹,V;HAB,4,5
1068,yaa,nte-chaa,V;PROG,4,5
1069,uwe,nt-uwe,V;HAB,4,5
1070,u-t-a¹kǫ²ʔ,nka-t-a¹kǫ²ʔ,V;PFV,4,5
1071,wi²i¹,nti-wii,V;HAB,4,5
1072,teę,nte-teę,V;PROG,4,5
1073,xiya¹ʔ,nku-xiya¹ʔ,V;PFV,4,5
1074,u-lukwa¹,k-u-lukwa¹,V;POT,4,5
1075,u-kehę,nka-kehę,V;PFV,4,5
1076,u¹-sti²,nt-u¹-sti²,V;HAB,4,5
1077,u-roǫ,nka-roǫ,V;PFV,4,5
1078,eta,k-eta,V;POT,4,5
1079,y-asu,nte-ch-asu,V;PROG,4,5
1080,y-a¹kwę²,n-ch-akwę¹,V;HAB,4,5
1081,ka²ʔne¹,nti-kaʔne,V;HAB,4,5
1082,ene,nt-ene,V;PROG,4,5
1083,u-tyele,nt-u-tyele,V;HAB,4,5
1084,na¹a²,nku-na¹a²,V;PFV,4,5
1085,y-uʔu,nk-y-uʔu,V;PFV,4,5
1086,sesu,nti-sesu,V;HAB,4,5
1087,u-s-uweʔ,nt-u-s-uweʔ,V;HAB,4,5
